{
    "loss": 20.710369110107422,
    "accuracy": 0.7586345076560974
}