{
    "loss": 1.5650001764297485,
    "accuracy": 0.8648973107337952
}